flagCorrectFalseMShots,, 
flagFilterFalseMShots,, 
flagForceMeasTime,, 
flagDTCor,, 
flagSigTempCor,, 
flagLCCalibration,, 
flagDepolCali,, 
flagWVCalibration,, 
flagUsePreviousDepolCali,, 
flagUsePreviousWVconst,, 
flagUsePreviousLC,, 
flagUseManualRefH,, 
flagUseSameRefH,, 
flagAutoscaleRCS,, 
flagMolDepolCali,, 
flagTransCor,, 
flagOLCor,, 
flagUseTheoreticalMDR,, 
flagPicassoComparison,, 
depolCaliConst532,, 
depolCaliConstStd532,, 
depolCaliConst355,, 
depolCaliConstStd355,, 
polCaliEta532,, 
polCaliEtaStd532,, 
polCaliEta355,, 
polCaliEtaStd355,, 
polCaliEta1064,, 
polCaliEtaStd1064,, 
LC,, 
LCStd,, 
overlapFile_532_total_FR,, 
overlapFile_355_total_FR,, 
molDepol1064,, 
molDepolStd1064,, 
molDepol532,, 
molDepolStd532,, 
molDepol355,, 
molDepolStd355,, 
wvconst,, 
wvconstStd,, 
volDepolerror355,, 
volDepolerror532,, 
volDepolerror1064,, 
MWRFolder,, 
dataFileFormat,, 
gdas1Site,, 
meteorDataSource,, 
meteo_folder,, 
AERONETSite,, 
max_height_bin,, 
indexing_convention,, 
first_range_gate_indx,, 
first_range_gate_height,, 
deltaT,, 
dtCorModeLabel,, 
dtCorMode,, 
dt,, 
bgCorRangeIndxLow,, 
bgCorRangeIndxHigh,, 
mask_SNRmin,, 
tempCorFunc,, 
init_depAng,, 
depol_cali_mode,, 
depol_cal_time_fixed_p_start,, 
depol_cal_time_fixed_p_end,, 
depol_cal_time_fixed_m_start,, 
depol_cal_time_fixed_m_end,, 
maskDepCalAng,, 
depol_cal_minbin_532,, 
depol_cal_maxbin_532,, 
depol_cal_SNRmin_532,, 
depol_cal_sigMax_532,, 
rel_std_dplus_532,, 
rel_std_dminus_532,, 
depol_cal_segmentLen_532,, 
depol_cal_smoothWin_532,, 
depol_cal_minbin_355,, 
depol_cal_maxbin_355,, 
depol_cal_SNRmin_355,, 
depol_cal_sigMax_355,, 
rel_std_dplus_355,, 
rel_std_dminus_355,, 
depol_cal_segmentLen_355,, 
depol_cal_smoothWin_355,, 
depol_cal_minbin_1064,, 
depol_cal_maxbin_1064,, 
depol_cal_SNRmin_1064,, 
depol_cal_sigMax_1064,, 
rel_std_dplus_1064,, 
rel_std_dminus_1064,, 
depol_cal_segmentLen_1064,, 
depol_cal_smoothWin_1064,, 
isFR,, 
isNR,, 
isDFOV,, 
is532nm,, 
isRR,, 
is355nm,, 
is1064nm,, 
isTot,, 
isCross,, 
isParallel,, 
is387nm,, 
is407nm,, 
is607nm,, 
is1058nm,, 
minSNR_4_sigNorm,, 
channelTags,, 
channelTag,, 
minPC_fog,, 
TR,, 
G,, 
H,, 
K,, 
voldepol_error_355,, 
voldepol_error_532,, 
voldepol_error_1064,, 
overlapCalMode,, 
overlapCorMode,, 
overlapSmoothBins,, 
saturate_thresh,, 
heightFullOverlap,, 
cloudScreenMode,, 
maxCloudSearchHeight,, 
maxCloudSearchHeight_NR,, 
maxSigSlope4FilterCloud,, 
maxSigSlope4FilterCloud_NR,, 
intNProfiles,, 
minIntNProfiles,, 
flagUseLatestGDAS,, 
radiosondeType,, 
radiosondeSitenum,, 
minDecomLogDist355,, 
minDecomLogDist532,, 
minDecomLogDist1064,, 
maxDecomHeight355,, 
maxDecomHeight532,, 
maxDecomHeight1064,, 
maxDecomThickness355,, 
maxDecomThickness532,, 
maxDecomThickness1064,, 
decomSmoothWin355,, 
decomSmoothWin532,, 
decomSmoothWin1064,, 
minRefThickness355,, 
minRefThickness532,, 
minRefThickness1064,, 
minRefDeltaExt355,, 
minRefDeltaExt532,, 
minRefDeltaExt1064,, 
refH_FR_355,, 
refH_FR_532,, 
refH_FR_1064,, 
refH_NR_355,, 
refH_NR_532,, 
minRefSNR355,, 
minRefSNR532,, 
minRefSNR1064,, 
minRefSNR_NR_355,, 
minRefSNR_NR_532,, 
LR355,, 
LR532,, 
LR1064,, 
LR_NR_355,, 
LR_NR_532,, 
refBeta355,, 
refBeta532,, 
refBeta1064,, 
smoothWin_klett_355,, 
smoothWin_klett_532,, 
smoothWin_klett_1064,, 
smoothWin_klett_NR_355,, 
smoothWin_klett_NR_532,, 
smoothWin_raman_355,, 
smoothWin_raman_532,, 
smoothWin_raman_1064,, 
smoothWin_raman_NR_355,, 
smoothWin_raman_NR_532,, 
maxIterConstrainFernald,, 
minLRConstrainFernald,, 
maxLRConstrainFernald,, 
minDeltaAOD,, 
minRamanRefSNR355,, 
minRamanRefSNR532,, 
minRamanRefSNR1064,, 
minRamanRefSNR387,, 
minRamanRefSNR607,, 
minRamanRefSNR_NR_355,, 
minRamanRefSNR_NR_532,, 
minRamanRefSNR_NR_387,, 
minRamanRefSNR_NR_607,, 
min_RR_RefSNR1058,, 
angstrexp,, 
angstrexp_NR,, 
LCMeanWindow,, 
LCMeanMinIndx,, 
LCMeanMaxIndx,, 
LCCalibrationStatus,, 
flagUseRetrievedExt4LCCalc,, 
quasi_smooth_h,, 
quasi_smooth_t,, 
IWV_instrument,, 
maxIWVTLag,, 
tTwilight,, 
hWVCaliBase,, 
hWVCaliTop,, 
minSNRWVCali,, 
clear_thres_par_beta_1064,, 
turbid_thres_par_beta_1064,, 
turbid_thres_par_beta_532,, 
droplet_thres_par_depol,, 
spheroid_thres_par_depol,, 
unspheroid_thres_par_depol,, 
ice_thres_par_depol,, 
ice_thres_vol_depol,, 
large_thres_ang,, 
small_thres_ang,, 
cloud_thres_par_beta_1064,, 
min_atten_par_beta_1064,, 
search_cloud_above,, 
search_cloud_below,, 
overlap532Color,, 
overlap355Color,, 
xLim_Profi_Bsc,, 
xLim_Profi_NR_Bsc,, 
xLim_Profi_Ext,, 
xLim_Profi_NR_Ext,, 
xLim_Profi_WV_RH,, 
xLim_Profi_RH,, 
xLim_Profi_WVMR,, 
xLim_Profi_RCS,, 
xLim_Profi_LR,, 
xLim_Profi_AE,, 
xLim_beta_532_Poliphon,, 
yLim_beta_532_Poliphon,, 
yLim_LC_355,, 
yLim_LC_532,, 
yLim_LC_1064,, 
yLim_LC_387,, 
yLim_LC_607,, 
yLim_LC_355_NR,, 
yLim_LC_532_NR,, 
yLim_WVConst,, 
yLim_FR_RCS,, 
yLim_NR_RCS,, 
yLim_FR_DR,, 
yLim_att_beta,, 
yLim_att_beta_NR,, 
yLim_OC_att_beta,, 
yLim_Quasi_Params,, 
yLim_WV_RH,, 
yLim_Profi_Ext,, 
yLim_Profi_LR,, 
yLim_Profi_DR,, 
yLim_Profi_Bsc,, 
yLim_Profi_WV_RH,, 
yLim_LC_ratio_355_387,, 
yLim_LC_ratio_532_607,, 
yLim_depolConst_355,, 
yLim_depolConst_532,, 
yLim_depolConst_1064,, 
yLim_cloudinfo,, 
yLim_all_profiles_high_range,, 
yLim_all_profiles_low_range,, 
zLim_att_beta_355,, 
zLim_att_beta_532,, 
zLim_att_beta_1064,, 
zLim_quasi_beta_355,, 
zLim_quasi_beta_532,, 
zLim_quasi_beta_1064,, 
zLim_quasi_Par_DR_532,, 
zLim_FR_RCS_355,, 
zLim_FR_RCS_387,, 
zLim_FR_RCS_407,, 
zLim_FR_RCS_532,, 
zLim_FR_RCS_607,, 
zLim_FR_RCS_1064,, 
zLim_NR_RCS_355,, 
zLim_NR_RCS_387,, 
zLim_NR_RCS_407,, 
zLim_NR_RCS_532,, 
zLim_NR_RCS_607,, 
zLim_VolDepol_355,, 
zLim_VolDepol_532,, 
zLim_VolDepol_1064,, 
zLim_quasi_ANG,, 
colormap_basic,, 
PI,, 
PI_affiliation,, 
PI_affiliation_acronym,, 
PI_address,, 
PI_phone,, 
PI_email,, 
Data_Originator,, 
Data_Originator_affiliation,, 
Data_Originator_affiliation_acronym,, 
Data_Originator_address,, 
Data_Originator_phone,, 
Data_Originator_email,, 
comment,, 
logbookFile,, 
logbookPath,, 
logbookFileName,, 
radiosondeFolder,, 
calibrationDB,, 
imgFormat,, 
partnerLabel,, 
prodSaveList,, 
meteo_file,, 
bgCorRangeIndx,, 
overlapFile532,, 
overlapFile355,, 
name,, 
site,, 
asl,, 
lat,, 
lon,, 